{"ZH_HToBB_ZToQQ_M125_13TeV_powheg_pythia8": 0.35941216698150397, "ZH_HToBB_ZToNuNu_M125_13TeV_powheg_pythia8": 0.1034868988608, "ggZH_HToBB_ZToQQ_M125_13TeV_powheg_pythia8": 0.0500457726, "ggZH_HToBB_ZToNuNu_M125_13TeV_powheg_pythia8": 0.014365700294400001, "GluGluHToBB_M125_13TeV_powheg_pythia8": 28.430699999999998, "VBFHToBB_M-125_13TeV_powheg_pythia8": 2.201472, "WminusH_HToBB_WToQQ_M125_13TeV_powheg_pythia8": 0.20969925599999997, "WplusH_HToBB_WToQQ_M125_13TeV_powheg_pythia8": 0.3304828799999999, "ttHTobb_M125_13TeV-powheg-pythia8": 0.29513219999999996, "GluGluHToBB_M-125_13TeV_powheg_MINLO_NNLOPS_pythia8": 16.1796, "GluGluHToBB_M125_LHEHpT_250-Inf_13TeV_amcatnloFXFX_pythia8": 28.430699999999998, "QCD_HT500to700_13TeV-madgraphMLM-pythia8": 29370, "QCD_HT700to1000_13TeV-madgraphMLM-pythia8": 6524, "QCD_HT1000to1500_13TeV-madgraphMLM-pythia8": 1064, "QCD_HT1500to2000_13TeV-madgraphMLM-pythia8": 121.5, "QCD_HT2000toInf_13TeV-madgraphMLM-pythia8": 25.42, "WJetsToQQ_HT400to600_qc19_3j_13TeV-madgraphMLM-pythia8": 315.6, "WJetsToQQ_HT600to800_qc19_3j_13TeV-madgraphMLM-pythia8": 68.57, "WJetsToQQ_HT800toInf_qc19_3j_13TeV-madgraphMLM-pythia8": 34.9, "ZJetsToQQ_HT400to600_qc19_4j_13TeV-madgraphMLM-pythia8": 145.4, "ZJetsToQQ_HT600to800_qc19_4j_13TeV-madgraphMLM-pythia8": 34.0, "ZJetsToQQ_HT800toInf_qc19_4j_13TeV-madgraphMLM-pythia8": 18.67, "WW_13TeV-pythia8": 63.21, "ZZ_13TeV-pythia8": 10.32, "WZ_13TeV-pythia8": 22.82, "TTToHadronic_13TeV-powheg-pythia8": 377.96, "TTToSemiLeptonic_13TeV-powheg-pythia8": 365.34, "ST_t-channel_antitop_4f_inclusiveDecays_13TeV-powheg-madspin-pythia8": 80.95, "ST_t-channel_top_4f_inclusiveDecays_13TeV-powheg-madspin-pythia8": 136.02, "ST_tW_antitop_5f_inclusiveDecays_13TeV-powheg-pythia8": 34.91, "ST_tW_top_5f_inclusiveDecays_13TeV-powheg-pythia8": 34.91, "TTToHadronic_PSweights_13TeV_powheg_pythia8": 313.9, "TT_13TeV-powheg-pythia8": 831.76, "WJetsToQQ_HT180_13TeV-madgraphMLM-pythia8": 2788, "DYJetsToQQ_HT180_13TeV-madgraphMLM-pythia8": 1187}